zeta,wn,k_p,k_i,pole_real_parts,pole_imag_parts,dominant_real_part,stability_margin_d,step_settling_time_2pct,step_overshoot_pct,step_rise_time_10_90,bandwidth_3db,slow_band_deficit_0_05,shadow_horizon_eps_0_02,shadow_mass_l1,shadow_mass_l2,impulse_peak
0.15,2.3333333333333335,5.594444444444445,2.7222222222222228,-0.350000;-0.350000;-0.500000,2.306934;-2.306934;0.000000,-0.3499999999999991,0.3499999999999991,11.044417767106843,65.1600383295659,0.48019207683073234,3.5987516062657723,2.305198437362197e-07,11.702340468093618,4.385704602953303,4.084562319877964,1.9225807998322295
0.2,1.7499999999999998,3.212499999999999,1.5312499999999996,-0.350000;-0.350000;-0.500000,1.714643;-1.714643;0.000000,-0.34999999999999987,0.34999999999999987,11.224489795918368,57.34413410263232,0.6602641056422569,2.682548719757712,7.288301095660401e-07,12.00240048009602,3.366658640396636,2.3710689402877168,1.3729873121379808
0.25,1.4,2.1099999999999994,0.9799999999999999,-0.350000;-0.350000;-0.500000,1.355544;-1.355544;0.000000,-0.3499999999999999,0.3499999999999999,10.084033613445378,50.59855874225049,0.8403361344537814,2.12982675391037,1.7801510129482374e-06,11.042208441688338,2.767867381519847,1.570340379658791,1.0518638019750541
0.35,1.0,1.1500000000000001,0.5,-0.350000;-0.350000;-0.500000,0.936750;-0.936750;0.000000,-0.3499999999999999,0.3499999999999999,11.044417767106843,39.43522338184102,1.2605042016806722,1.4905244735920202,6.844968012907382e-06,12.272454490898179,2.102266178263816,0.8582589217344164,0.6984867478838891
0.5,0.7,0.6399999999999999,0.24499999999999997,-0.350000;-0.350000;-0.500000,0.606218;-0.606218;0.000000,-0.3499999999999996,0.3499999999999996,11.704681872749099,26.57536040518242,1.9207683073229291,1.0007678485943752,2.8531385588584514e-05,13.23264652930586,1.61683734416085,0.46107470285022867,0.4507050663176413
0.707,0.49504950495049505,0.3950740123517302,0.1225370061758651,-0.500000;-0.350000;-0.350000,0.000000;0.350106;-0.350106,-0.34999999999999964,0.34999999999999964,12.244897959183673,13.587310177853041,3.061224489795918,0.6524198272292332,0.00011370366675029097,14.102820564112822,1.2810000603728926,0.25621414481890314,0.29716700904250715
1.0,0.35,0.27249999999999996,0.06124999999999999,-0.500000;-0.350000;-0.350000,0.000000;0.000000;-0.000000,-0.3499999999999994,0.3499999999999994,8.22328931572629,1.8659054554265444,5.46218487394958,0.3880785425944562,0.0004441935850778573,10.982196439287858,1.0372978270927995,0.14607637123598705,0.20306926933607725
