{
  "command_clean": {
    "mean_true_iae_ci": {
      "0_15": {
        "low": 0.33712568780428753,
        "high": 0.33712568780428753
      },
      "0_2": {
        "low": 0.5928752440538774,
        "high": 0.5928752440538774
      },
      "0_25": {
        "low": 0.9216840989746177,
        "high": 0.9216840989746177
      },
      "0_35": {
        "low": 1.8033996501839749,
        "high": 1.8033996501839749
      },
      "0_5": {
        "low": 3.666874946298413,
        "high": 3.666874946298413
      },
      "0_707": {
        "low": 7.27800159773129,
        "high": 7.27800159773129
      },
      "1": {
        "low": 14.34202550950042,
        "high": 14.34202550950042
      }
    },
    "best_zeta": {
      "mean": 0.15,
      "low": 0.15,
      "high": 0.15
    },
    "best_zeta_frequency": {
      "0_15": 1.0,
      "0_2": 0.0,
      "0_25": 0.0,
      "0_35": 0.0,
      "0_5": 0.0,
      "0_707": 0.0,
      "1": 0.0
    }
  },
  "command_light": {
    "mean_true_iae_ci": {
      "0_15": {
        "low": 1.7751701944598661,
        "high": 1.81391218969188
      },
      "0_2": {
        "low": 1.4197343942939813,
        "high": 1.4470684643770517
      },
      "0_25": {
        "low": 1.3295425593884225,
        "high": 1.353300183318148
      },
      "0_35": {
        "low": 1.8054053492962625,
        "high": 1.8362723580925688
      },
      "0_5": {
        "low": 3.612386072169234,
        "high": 3.6619228666776857
      },
      "0_707": {
        "low": 7.188569315686416,
        "high": 7.2762214066147015
      },
      "1": {
        "low": 14.18517272485031,
        "high": 14.345381898262486
      }
    },
    "best_zeta": {
      "mean": 0.25,
      "low": 0.25,
      "high": 0.25
    },
    "best_zeta_frequency": {
      "0_15": 0.0,
      "0_2": 0.0,
      "0_25": 1.0,
      "0_35": 0.0,
      "0_5": 0.0,
      "0_707": 0.0,
      "1": 0.0
    }
  },
  "command_moderate": {
    "mean_true_iae_ci": {
      "0_15": {
        "low": 3.51756732751314,
        "high": 3.5912688626888905
      },
      "0_2": {
        "low": 2.7131816588218887,
        "high": 2.7725215271114654
      },
      "0_25": {
        "low": 2.3064513309584167,
        "high": 2.3594695440286872
      },
      "0_35": {
        "low": 2.225287836311593,
        "high": 2.271379072711917
      },
      "0_5": {
        "low": 3.62761205538487,
        "high": 3.7363219560255185
      },
      "0_707": {
        "low": 7.1912545299443185,
        "high": 7.391806757669858
      },
      "1": {
        "low": 14.184003033233486,
        "high": 14.57426275791515
      }
    },
    "best_zeta": {
      "mean": 0.3499999999999999,
      "low": 0.35,
      "high": 0.35
    },
    "best_zeta_frequency": {
      "0_15": 0.0,
      "0_2": 0.0,
      "0_25": 0.0,
      "0_35": 1.0,
      "0_5": 0.0,
      "0_707": 0.0,
      "1": 0.0
    }
  },
  "command_heavy": {
    "mean_true_iae_ci": {
      "0_15": {
        "low": 5.805240288970849,
        "high": 5.959337107329563
      },
      "0_2": {
        "low": 4.476323810788014,
        "high": 4.606847781382735
      },
      "0_25": {
        "low": 3.7147276615181,
        "high": 3.814902251850692
      },
      "0_35": {
        "low": 3.0683039879657183,
        "high": 3.145569959986912
      },
      "0_5": {
        "low": 3.7814928801906955,
        "high": 3.943491559842124
      },
      "0_707": {
        "low": 7.111096257643717,
        "high": 7.460982429741355
      },
      "1": {
        "low": 14.046632474564808,
        "high": 14.716961562308093
      }
    },
    "best_zeta": {
      "mean": 0.3499999999999999,
      "low": 0.35,
      "high": 0.35
    },
    "best_zeta_frequency": {
      "0_15": 0.0,
      "0_2": 0.0,
      "0_25": 0.0,
      "0_35": 1.0,
      "0_5": 0.0,
      "0_707": 0.0,
      "1": 0.0
    }
  },
  "measurement_clean": {
    "mean_true_iae_ci": {
      "0_15": {
        "low": 0.33712568780428753,
        "high": 0.33712568780428753
      },
      "0_2": {
        "low": 0.5928752440538774,
        "high": 0.5928752440538774
      },
      "0_25": {
        "low": 0.9216840989746177,
        "high": 0.9216840989746177
      },
      "0_35": {
        "low": 1.8033996501839749,
        "high": 1.8033996501839749
      },
      "0_5": {
        "low": 3.666874946298413,
        "high": 3.666874946298413
      },
      "0_707": {
        "low": 7.27800159773129,
        "high": 7.27800159773129
      },
      "1": {
        "low": 14.34202550950042,
        "high": 14.34202550950042
      }
    },
    "best_zeta": {
      "mean": 0.15,
      "low": 0.15,
      "high": 0.15
    },
    "best_zeta_frequency": {
      "0_15": 1.0,
      "0_2": 0.0,
      "0_25": 0.0,
      "0_35": 0.0,
      "0_5": 0.0,
      "0_707": 0.0,
      "1": 0.0
    }
  },
  "measurement_light": {
    "mean_true_iae_ci": {
      "0_15": {
        "low": 1.1997694583545795,
        "high": 1.2213368769482413
      },
      "0_2": {
        "low": 1.014235376372933,
        "high": 1.0307439115826291
      },
      "0_25": {
        "low": 1.0728533021410818,
        "high": 1.0877644011532148
      },
      "0_35": {
        "low": 1.7909481702285643,
        "high": 1.8154652946244567
      },
      "0_5": {
        "low": 3.640365808250636,
        "high": 3.683422305013106
      },
      "0_707": {
        "low": 7.230683866426537,
        "high": 7.311600184708273
      },
      "1": {
        "low": 14.253343519462547,
        "high": 14.40841183841415
      }
    },
    "best_zeta": {
      "mean": 0.20000000000000004,
      "low": 0.2,
      "high": 0.2
    },
    "best_zeta_frequency": {
      "0_15": 0.0,
      "0_2": 1.0,
      "0_25": 0.0,
      "0_35": 0.0,
      "0_5": 0.0,
      "0_707": 0.0,
      "1": 0.0
    }
  },
  "measurement_moderate": {
    "mean_true_iae_ci": {
      "0_15": {
        "low": 2.35580498380384,
        "high": 2.412075196282392
      },
      "0_2": {
        "low": 1.8408548755292409,
        "high": 1.8809865913389818
      },
      "0_25": {
        "low": 1.6412510506271032,
        "high": 1.6743260477148605
      },
      "0_35": {
        "low": 1.9046510440152953,
        "high": 1.9492038243852372
      },
      "0_5": {
        "low": 3.5818371130039073,
        "high": 3.6851446392505602
      },
      "0_707": {
        "low": 7.121825313693941,
        "high": 7.315057802708686
      },
      "1": {
        "low": 14.046247126551446,
        "high": 14.422207199908307
      }
    },
    "best_zeta": {
      "mean": 0.25,
      "low": 0.25,
      "high": 0.25
    },
    "best_zeta_frequency": {
      "0_15": 0.0,
      "0_2": 0.0,
      "0_25": 1.0,
      "0_35": 0.0,
      "0_5": 0.0,
      "0_707": 0.0,
      "1": 0.0
    }
  },
  "measurement_heavy": {
    "mean_true_iae_ci": {
      "0_15": {
        "low": 4.662656352067768,
        "high": 4.786358775762452
      },
      "0_2": {
        "low": 3.5929650484642246,
        "high": 3.693864897954484
      },
      "0_25": {
        "low": 3.0019462816236686,
        "high": 3.078067865646426
      },
      "0_35": {
        "low": 2.6316905988529595,
        "high": 2.689832380002881
      },
      "0_5": {
        "low": 3.637415893173029,
        "high": 3.7876904908020497
      },
      "0_707": {
        "low": 7.041669529301483,
        "high": 7.3491590688228
      },
      "1": {
        "low": 13.900033879235385,
        "high": 14.487397987401623
      }
    },
    "best_zeta": {
      "mean": 0.3499999999999999,
      "low": 0.35,
      "high": 0.35
    },
    "best_zeta_frequency": {
      "0_15": 0.0,
      "0_2": 0.0,
      "0_25": 0.0,
      "0_35": 1.0,
      "0_5": 0.0,
      "0_707": 0.0,
      "1": 0.0
    }
  },
  "measurement_extreme": {
    "mean_true_iae_ci": {
      "0_15": {
        "low": 6.998562702238234,
        "high": 7.185877816312361
      },
      "0_2": {
        "low": 5.343597660243245,
        "high": 5.493591399613918
      },