{
  "command_clean": {
    "mean_true_iae_ci": {
      "0_15": {
        "low": 715.583938422919,
        "high": 715.583938422919
      },
      "0_2": {
        "low": 651.2425879234069,
        "high": 651.2425879234069
      },
      "0_25": {
        "low": 1033.4829850508527,
        "high": 1033.4829850508527
      },
      "0_35": {
        "low": 1075.7470291266332,
        "high": 1075.7470291266332
      },
      "0_5": {
        "low": 860.415180130946,
        "high": 860.415180130946
      },
      "0_707": {
        "low": 834.4879496081691,
        "high": 834.4879496081691
      },
      "1": {
        "low": 722.472751620923,
        "high": 722.472751620923
      }
    },
    "best_zeta": {
      "mean": 0.2,
      "low": 0.2,
      "high": 0.2
    },
    "best_zeta_frequency": {
      "0_15": 0.0,
      "0_2": 1.0,
      "0_25": 0.0,
      "0_35": 0.0,
      "0_5": 0.0,
      "0_707": 0.0,
      "1": 0.0
    }
  },
  "command_light": {
    "mean_true_iae_ci": {
      "0_15": {
        "low": 711.1704364799318,
        "high": 717.228333480752
      },
      "0_2": {
        "low": 646.4110308801816,
        "high": 652.3248593024474
      },
      "0_25": {
        "low": 1028.5580620352375,
        "high": 1035.7041557927175
      },
      "0_35": {
        "low": 1070.8210456317001,
        "high": 1078.0621367259155
      },
      "0_5": {
        "low": 855.491575803669,
        "high": 862.0081303696838
      },
      "0_707": {
        "low": 829.5691504485195,
        "high": 836.0011039722709
      },
      "1": {
        "low": 717.5646709234568,
        "high": 723.6489726694656
      }
    },
    "best_zeta": {
      "mean": 0.20000000000000004,
      "low": 0.2,
      "high": 0.2
    },
    "best_zeta_frequency": {
      "0_15": 0.0,
      "0_2": 1.0,
      "0_25": 0.0,
      "0_35": 0.0,
      "0_5": 0.0,
      "0_707": 0.0,
      "1": 0.0
    }
  },
  "command_moderate": {
    "mean_true_iae_ci": {
      "0_15": {
        "low": 714.5150005609609,
        "high": 724.9652858509905
      },
      "0_2": {
        "low": 657.0933622851171,
        "high": 667.3346061522302
      },
      "0_25": {
        "low": 1028.953976699182,
        "high": 1041.5616742449854
      },
      "0_35": {
        "low": 1070.833403921329,
        "high": 1083.6756417318586
      },
      "0_5": {
        "low": 857.8015937775419,
        "high": 869.2936849263871
      },
      "0_707": {
        "low": 832.4693343391326,
        "high": 843.7046132364347
      },
      "1": {
        "low": 724.0343914324493,
        "high": 734.661787637599
      }
    },
    "best_zeta": {
      "mean": 0.20000000000000004,
      "low": 0.2,
      "high": 0.2
    },
    "best_zeta_frequency": {
      "0_15": 0.0,
      "0_2": 1.0,
      "0_25": 0.0,
      "0_35": 0.0,
      "0_5": 0.0,
      "0_707": 0.0,
      "1": 0.0
    }
  },
  "command_heavy": {
    "mean_true_iae_ci": {
      "0_15": {
        "low": 795.5247205567448,
        "high": 813.9460437277137
      },
      "0_2": {
        "low": 747.4968039705388,
        "high": 765.7404943466292
      },
      "0_25": {
        "low": 1060.1118791710637,
        "high": 1084.0076695116065
      },
      "0_35": {
        "low": 1097.3318065206063,
        "high": 1121.7401020928814
      },
      "0_5": {
        "low": 903.7232611881683,
        "high": 925.1034844666962
      },
      "0_707": {
        "low": 882.3111901633052,
        "high": 903.2775326716377
      },
      "1": {
        "low": 795.5633175263162,
        "high": 815.0643297734504
      }
    },
    "best_zeta": {
      "mean": 0.20000000000000004,
      "low": 0.2,
      "high": 0.2
    },
    "best_zeta_frequency": {
      "0_15": 0.0,
      "0_2": 1.0,
      "0_25": 0.0,
      "0_35": 0.0,
      "0_5": 0.0,
      "0_707": 0.0,
      "1": 0.0
    }
  },
  "measurement_clean": {
    "mean_true_iae_ci": {
      "0_15": {
        "low": 715.583938422919,
        "high": 715.583938422919
      },
      "0_2": {
        "low": 651.2425879234069,
        "high": 651.2425879234069
      },
      "0_25": {
        "low": 1033.4829850508527,
        "high": 1033.4829850508527
      },
      "0_35": {
        "low": 1075.7470291266332,
        "high": 1075.7470291266332
      },
      "0_5": {
        "low": 860.415180130946,
        "high": 860.415180130946
      },
      "0_707": {
        "low": 834.4879496081691,
        "high": 834.4879496081691
      },
      "1": {
        "low": 722.472751620923,
        "high": 722.472751620923
      }
    },
    "best_zeta": {
      "mean": 0.2,
      "low": 0.2,
      "high": 0.2
    },
    "best_zeta_frequency": {
      "0_15": 0.0,
      "0_2": 1.0,
      "0_25": 0.0,
      "0_35": 0.0,
      "0_5": 0.0,
      "0_707": 0.0,
      "1": 0.0
    }
  },
  "measurement_light": {
    "mean_true_iae_ci": {
      "0_15": {
        "low": 714.4095982248887,
        "high": 719.1172453605213
      },
      "0_2": {
        "low": 650.1085895991691,
        "high": 654.7261723786704
      },
      "0_25": {
        "low": 1031.837185907233,
        "high": 1037.783549803859
      },
      "0_35": {
        "low": 1074.0215531473527,
        "high": 1080.1594685803877
      },
      "0_5": {
        "low": 859.0712774817229,
        "high": 864.3379494584851
      },
      "0_707": {
        "low": 833.1739861664053,
        "high": 838.3533945317141
      },
      "1": {
        "low": 721.2905106936275,
        "high": 726.0985878509712
      }
    },
    "best_zeta": {
      "mean": 0.20000000000000004,
      "low": 0.2,
      "high": 0.2
    },
    "best_zeta_frequency": {
      "0_15": 0.0,
      "0_2": 1.0,
      "0_25": 0.0,
      "0_35": 0.0,
      "0_5": 0.0,
      "0_707": 0.0,
      "1": 0.0
    }
  },
  "measurement_moderate": {
    "mean_true_iae_ci": {
      "0_15": {
        "low": 708.9257445056213,
        "high": 717.2370345686058
      },
      "0_2": {
        "low": 647.7890384931627,
        "high": 655.6393389200991
      },
      "0_25": {
        "low": 1025.8017577032488,
        "high": 1036.1209152033975
      },
      "0_35": {
        "low": 1067.8892932048475,
        "high": 1078.4458541668494
      },
      "0_5": {
        "low": 853.9399690390007,
        "high": 863.0396713230565
      },
      "0_707": {
        "low": 828.2289542021819,
        "high": 837.19713720448
      },
      "1": {
        "low": 717.5538252895223,
        "high": 725.8549014678529
      }
    },
    "best_zeta": {
      "mean": 0.20000000000000004,
      "low": 0.2,
      "high": 0.2
    },
    "best_zeta_frequency": {
      "0_15": 0.0,
      "0_2": 1.0,
      "0_25": 0.0,
      "0_35": 0.0,
      "0_5": 0.0,
      "0_707": 0.0,
      "1": 0.0
    }
  },
  "measurement_heavy": {
    "mean_true_iae_ci": {
      "0_15": {
        "low": 727.5447169713809,
        "high": 745.9487879107758
      },
      "0_2": {
        "low": 691.4735685733544,
        "high": 708.3764944648295
      },
      "0_25": {
        "low": 1038.870954738447,
        "high": 1062.026527504918
      },
      "0_35": {
        "low": 1078.7527735413357,
        "high": 1102.4959262381108
      },
      "0_5": {
        "low": 874.9830843004642,
        "high": 895.4835591460763
      },
      "0_707": {
        "low": 851.3960923379658,
        "high": 871.3692616402604
      },
      "1": {
        "low": 751.2755703825947,
        "high": 769.3770340350546
      }
    },
    "best_zeta": {
      "mean": 0.20000000000000004,
      "low": 0.2,
      "high": 0.2
    },
    "best_zeta_frequency": {
      "0_15": 0.0,
      "0_2": 1.0,
      "0_25": 0.0,
      "0_35": 0.0,
      "0_5": 0.0,
      "0_707": 0.0,
      "1": 0.0
    }
  },
  "measurement_extreme": {
    "mean_true_iae_ci": {
      "0_15": {
        "low": 808.6146436187606,
        "high": 829.9390406604684
      },
      "0_2": {
        "low": 796.0203969271159,
        "high": 817.3068241078096
      },